Updated on Sun Jun 22 14:25:01 UTC 2025
Updated on Mon Jun 23 03:59:26 UTC 2025
Updated on Tue Jun 24 03:54:12 UTC 2025
Updated on Wed Jun 25 03:55:39 UTC 2025
Updated on Thu Jun 26 03:53:38 UTC 2025
Updated on Fri Jun 27 03:54:05 UTC 2025
Updated on Sat Jun 28 03:49:23 UTC 2025
Updated on Sun Jun 29 04:01:06 UTC 2025
Updated on Mon Jun 30 03:58:51 UTC 2025
Updated on Tue Jul  1 04:04:35 UTC 2025
Updated on Wed Jul  2 03:55:23 UTC 2025
Updated on Thu Jul  3 03:57:33 UTC 2025
Updated on Fri Jul  4 03:54:26 UTC 2025
